,Title,Release Year,Genre,Stream Platforms,Links,Duration,Age Rating,Production Country,IMDB,Category
0, Aavesham , (2024) ,"Action & Adventure, Comedy",Amazon Prime Video,https://www.justwatch.com/in/movie/aavesham-2024,2h 38min,,India, 8.0  (11k) ,mv
1, Crew , (2024) ,"Comedy, Drama",Netflix,https://www.justwatch.com/in/movie/the-crew-2024,1h 58min,UA,India, 5.9  (33k) ,mv
2, Laapataa Ladies , (2024) ,"Drama, Comedy",Netflix,https://www.justwatch.com/in/movie/laapataa-ladies,2h 2min,UA,India, 8.5  (32k) ,mv
3, Godzilla Minus One , (2023) ,"Science-Fiction, Horror, Action & Adventure, Drama",Netflix,https://www.justwatch.com/in/movie/godzilla-minus-one,2h 5min,,Japan, 7.8  (118k) ,mv
4, Manjummel Boys , (2024) ,"Mystery & Thriller, History, Action & Adventure, Drama",Hotstar,https://www.justwatch.com/in/movie/manjummel-boys,2h 15min,UA,India, 8.3  (16k) ,mv
5, Godzilla x Kong: The New Empire , (2024) ,"Action & Adventure, Fantasy, Science-Fiction, Mystery & Thriller",Apple TV,https://www.justwatch.com/in/movie/godzilla-x-kong-the-new-empire,1h 55min,UA,"Australia, United States", 6.2  (74k) ,mv
6, Madgaon Express , (2024) ,"Comedy, Drama",Amazon Prime Video,https://www.justwatch.com/in/movie/madgaon-express,2h 23min,UA,India, 7.1  (35k) ,mv
7, Family Star , (2024) ,"Action & Adventure, Drama, Romance, Comedy",Amazon Prime Video,https://www.justwatch.com/in/movie/family-star,2h 39min,,India, 5.1  (3k) ,mv
8, Maidaan , (2024) ,"Drama, History, Sport",Amazon Prime Video,https://www.justwatch.com/in/movie/maidaan,3h 1min,,India, 8.1  (16k) ,mv
9, Hit Man , (2024) ,"Romance, Crime, Action & Adventure, Comedy",Netflix,https://www.justwatch.com/in/movie/hit-man,1h 56min,,United States, 7.0  (42k) ,mv
10, Munjya , (2024) ,"Comedy, Horror",Bookmyshow,https://www.justwatch.com/in/movie/munjha,2h 20min,,India, 7.7  (12k) ,mv
11, Mad Max: Fury Road , (2015) ,"Action & Adventure, Science-Fiction, Mystery & Thriller",Amazon Prime Video,https://www.justwatch.com/in/movie/mad-max-fury-road,2h 0min,A,"United States, Australia", 8.1  (1m) ,mv
12, The Fall Guy , (2024) ,"Action & Adventure, Comedy, Drama",Apple TV,https://www.justwatch.com/in/movie/the-fall-guy,2h 6min,UA,"United States, Australia, Canada", 7.0  (90k) ,mv
13, Dune: Part Two , (2024) ,"Action & Adventure, Science-Fiction, Drama",Apple TV,https://www.justwatch.com/in/movie/dune-part-two,2h 47min,,United States, 8.6  (439k) ,mv
14, Bade Miyan Chote Miyan , (2024) ,"Mystery & Thriller, Science-Fiction, Action & Adventure, Comedy",Netflix,https://www.justwatch.com/in/movie/bade-miyan-chote-miyan-2023,2h 44min,UA,India, 4.2  (36k) ,mv
15, Shaitaan , (2024) ,"Mystery & Thriller, Horror, Drama",Netflix,https://www.justwatch.com/in/movie/black-magic-2024,2h 12min,UA,India, 6.6  (46k) ,mv
16, Premalu , (2024) ,"Romance, Comedy",Hotstar,https://www.justwatch.com/in/movie/premalu,2h 36min,U,India, 7.9  (12k) ,mv
17," The Gangster, the Cop, the Devil ", (2019) ,"Crime, Action & Adventure, Mystery & Thriller",Lionsgate Play,https://www.justwatch.com/in/movie/the-gangster-the-cop-the-devil,1h 50min,,South Korea, 6.9  (23k) ,mv
18, Hereditary , (2018) ,"Horror, Mystery & Thriller, Drama",Amazon Prime Video,https://www.justwatch.com/in/movie/hereditary,2h 7min,A,United States, 7.3  (383k) ,mv
19, Swatantrya Veer Savarkar , (2024) ,"Drama, History",Zee5,https://www.justwatch.com/in/movie/swatantra-veer-savarkar,2h 56min,,India, 7.7  (15k) ,mv
20, Kung Fu Panda 4 , (2024) ,"Animation, Action & Adventure, Comedy, Kids & Family, Fantasy",Apple TV,https://www.justwatch.com/in/movie/kung-fu-panda-4,1h 34min,U,United States, 6.3  (42k) ,mv
21, Oppenheimer , (2023) ,"History, Drama",Apple TV,https://www.justwatch.com/in/movie/oppenheimer,3h 0min,UA,"United Kingdom, United States", 8.3  (750k) ,mv
22, Rockstar , (2011) ,"Drama, Music & Musical, Romance",Apple TV,https://www.justwatch.com/in/movie/rockstar,2h 39min,UA,India, 7.7  (49k) ,mv
23, Salaar , (2023) ,"Action & Adventure, Crime, Drama, Mystery & Thriller",Netflix,https://www.justwatch.com/in/movie/salaar,2h 55min,A,India, 6.5  (65k) ,mv
24, The First Omen , (2024) ,Horror,Apple TV,https://www.justwatch.com/in/movie/the-first-omen,1h 59min,A,United States, 6.5  (34k) ,mv
25, Challengers , (2024) ,"Drama, Romance, Sport",Apple TV,https://www.justwatch.com/in/movie/challengers,2h 12min,A,"Italy, United States", 7.3  (69k) ,mv
26, Hanu-Man , (2024) ,"Comedy, Science-Fiction, Fantasy, Action & Adventure",Hotstar,https://www.justwatch.com/in/movie/hanu-man,2h 39min,UA,India, 7.9  (24k) ,mv
27, Aquaman and the Lost Kingdom , (2023) ,"Fantasy, Action & Adventure, Science-Fiction",Apple TV,https://www.justwatch.com/in/movie/aquaman-and-the-lost-kingdom,2h 4min,,United States, 5.6  (88k) ,mv
28, Rathnam , (2024) ,"Romance, Action & Adventure",Amazon Prime Video,https://www.justwatch.com/in/movie/rathnam,2h 39min,,India, 6.5  (3k) ,mv
29, Zara Hatke Zara Bachke , (2023) ,"Drama, Kids & Family, Romance, Comedy",Jio Cinema,https://www.justwatch.com/in/movie/zara-hatke-zara-bach-ke,2h 20min,UA,India, 6.1  (15k) ,mv
30, 12th Fail , (2023) ,Drama,Hotstar,https://www.justwatch.com/in/movie/12th-fail,2h 27min,,India, 8.9  (118k) ,mv
31, 365 Days , (2020) ,"Drama, Romance, Made in Europe",Netflix,https://www.justwatch.com/in/movie/365-days,1h 54min,,Poland, 3.3  (99k) ,mv
32, Yodha , (2024) ,"Action & Adventure, Mystery & Thriller, Drama",Amazon Prime Video,https://www.justwatch.com/in/movie/yodha-2022,2h 10min,UA,"United States, India", 5.7  (6k) ,mv
33, Varshangalkku Shesham , (2024) ,"Comedy, Drama, Romance",Sony Liv,https://www.justwatch.com/in/movie/varshangalkku-shesham,2h 46min,,India, 6.9  (2k) ,mv
34, Animal , (2023) ,"Drama, Action & Adventure, Crime, Mystery & Thriller",Netflix,https://www.justwatch.com/in/movie/animal-2022,3h 21min,A,India, 6.2  (92k) ,mv
35, Anyone But You , (2023) ,"Romance, Comedy",Apple TV,https://www.justwatch.com/in/movie/anyone-but-you,1h 43min,A,United States, 6.1  (93k) ,mv
36, Atlas , (2024) ,"Mystery & Thriller, Action & Adventure, Drama, Science-Fiction",Netflix,https://www.justwatch.com/in/movie/atlas-2024,1h 58min,,United States, 5.6  (40k) ,mv
37, The Goat Life , (2024) ,Drama,,https://www.justwatch.com/in/movie/aadujeevitham,2h 52min,UA,"India, United States", 8.6  (6k) ,mv
38, Furiosa: A Mad Max Saga , (2024) ,"Mystery & Thriller, Action & Adventure, Science-Fiction",Bookmyshow,https://www.justwatch.com/in/movie/furiosa,2h 28min,,"United States, Australia", 7.8  (84k) ,mv
39, Aranmanai 4 , (2024) ,"Horror, Comedy",Bookmyshow,https://www.justwatch.com/in/movie/aranmanai-4,2h 28min,,India, 6.2  ,mv
40, Kingdom of the Planet of the Apes , (2024) ,"Science-Fiction, Action & Adventure",Bookmyshow,https://www.justwatch.com/in/movie/kingdom-of-the-planet-of-the-apes,2h 25min,,United States, 7.2  (52k) ,mv
41, Harry Potter and the Philosopher's Stone , (2001) ,"Action & Adventure, Fantasy, Kids & Family",Apple TV,https://www.justwatch.com/in/movie/harry-potter-and-the-philosophers-stone,2h 32min,U,"United Kingdom, United States", 7.6  (860k) ,mv
42, Spider-Man: No Way Home , (2021) ,"Action & Adventure, Science-Fiction, Fantasy",Apple TV,https://www.justwatch.com/in/movie/spider-man-no-way-home,2h 28min,UA,United States, 8.2  (888k) ,mv
43, Dune , (2021) ,"Science-Fiction, Action & Adventure, Drama",Apple TV,https://www.justwatch.com/in/movie/dune-2021,2h 35min,UA,United States, 8.0  (878k) ,mv
44, Article 370 , (2024) ,"Action & Adventure, Drama, Mystery & Thriller",Netflix,https://www.justwatch.com/in/movie/article-370,2h 38min,,India, 7.9  (20k) ,mv
45, Teri Baaton Mein Aisa Uljha Jiya , (2024) ,"Comedy, Drama, Romance, Science-Fiction",Amazon Prime Video,https://www.justwatch.com/in/movie/untitled-shahid-kapoor-kriti-sanon-film,2h 21min,,India, 6.3  (50k) ,mv
46, Inside Out , (2015) ,"Drama, Comedy, Animation, Kids & Family, Action & Adventure, Fantasy",Apple TV,https://www.justwatch.com/in/movie/inside-out,1h 35min,U,United States, 8.1  (794k) ,mv
47, Siddharth Roy , (2024) ,"Romance, Drama",aha,https://www.justwatch.com/in/movie/siddharth-roy,2h 28min,A,India, 7.8  (1k) ,mv
48, Gangs of Godavari , (2024) ,"Action & Adventure, Drama, Crime, History",Netflix,https://www.justwatch.com/in/movie/gangs-of-godavari,2h 23min,UA,India, 5.1  ,mv
49, Do Aur Do Pyaar , (2024) ,"Drama, Comedy, Romance",Hotstar,https://www.justwatch.com/in/movie/lovers-2024,2h 20min,UA,India, 6.4  (5k) ,mv
50, Abigail , (2024) ,"Horror, Comedy, Mystery & Thriller",Apple TV,https://www.justwatch.com/in/movie/abigail-2024,1h 49min,,United States, 6.6  (43k) ,mv
51, Je Jatt Vigarh Gya , (2024) ,Drama,Bookmyshow,https://www.justwatch.com/in/movie/je-jatt-vigad-gya,2h 12min,,India, 4.4  ,mv
52, Exhuma , (2024) ,"Horror, Mystery & Thriller",,https://www.justwatch.com/in/movie/exhuma,2h 14min,UA,South Korea, 6.9  (9k) ,mv
53, Civil War , (2024) ,"Action & Adventure, Mystery & Thriller, War & Military, Drama",,https://www.justwatch.com/in/movie/civil-war-2024-0,1h 49min,,"United States, United Kingdom", 7.2  (113k) ,mv
54, Oru Nodi , (2024) ,"Crime, Mystery & Thriller, Drama",Amazon Prime Video,https://www.justwatch.com/in/movie/oru-nodi,2h 8min,UA,India, 7.0  ,mv
55, Monkey Man , (2024) ,"Action & Adventure, Mystery & Thriller, Crime",,https://www.justwatch.com/in/movie/monkey-man,2h 1min,,"United States, Canada, Singapore",,mv
56, Blink , (2024) ,"Mystery & Thriller, Science-Fiction",,https://www.justwatch.com/in/movie/blink-2024,2h 16min,UA,India, 7.9  ,mv
57, Ghostbusters: Frozen Empire , (2024) ,"Fantasy, Science-Fiction, Comedy",Apple TV,https://www.justwatch.com/in/movie/ghostbusters-frozen-empire,1h 55min,,United States, 6.1  (50k) ,mv
58, The Idea of You , (2024) ,"Romance, Comedy, Drama",Amazon Prime Video,https://www.justwatch.com/in/movie/the-idea-of-you,1h 56min,,United States, 6.4  (47k) ,mv
59, Under Paris , (2024) ,"Mystery & Thriller, Horror, Action & Adventure, Drama, Sport",Netflix,https://www.justwatch.com/in/movie/sous-la-seine,1h 44min,,France, 5.2  (17k) ,mv
60, Madame Web , (2024) ,"Action & Adventure, Fantasy, Mystery & Thriller, Science-Fiction",Apple TV,https://www.justwatch.com/in/movie/madame-web,1h 56min,,United States, 3.9  (66k) ,mv
61, Pushpa: The Rise , (2021) ,"Drama, Mystery & Thriller, Action & Adventure, Crime",Amazon Prime Video,https://www.justwatch.com/in/movie/pushpa,2h 59min,UA,India, 7.6  (88k) ,mv
62, Tumbbad , (2018) ,"Horror, Mystery & Thriller, Drama, Fantasy, Made in Europe",,https://www.justwatch.com/in/movie/tumbbad,1h 53min,A,"India, Sweden", 8.2  (59k) ,mv
63, 777 Charlie , (2022) ,"Action & Adventure, Comedy, Drama",Amazon Prime Video,https://www.justwatch.com/in/movie/777-charlie,2h 46min,UA,India, 8.7  (40k) ,mv
64, Rise of the Planet of the Apes , (2011) ,"Science-Fiction, Mystery & Thriller, Action & Adventure, Drama",Apple TV,https://www.justwatch.com/in/movie/rise-of-the-planet-of-the-apes,1h 45min,,"United Kingdom, United States", 7.6  (574k) ,mv
65, Ganapath , (2023) ,"Drama, Science-Fiction, Mystery & Thriller, Action & Adventure",,https://www.justwatch.com/in/movie/ganapath,2h 13min,UA,India, 2.9  (10k) ,mv
66, The Ministry of Ungentlemanly Warfare , (2024) ,"Action & Adventure, Drama, War & Military",,https://www.justwatch.com/in/movie/the-ministry-of-ungentlemanly-warfare,2h 0min,,"United States, United Kingdom, Turkey", 6.9  (43k) ,mv
67, Bramayugam , (2024) ,"Drama, Horror, Mystery & Thriller",Sony Liv,https://www.justwatch.com/in/movie/bramayugam,2h 19min,UA,India, 7.9  (9k) ,mv
68, Romeo , (2024) ,"Comedy, Drama",Amazon Prime Video,https://www.justwatch.com/in/movie/romeo-2024,2h 26min,UA,India,,mv
69, Sriranga Neethulu , (2024) ,Drama,Amazon Prime Video,https://www.justwatch.com/in/movie/sri-ranga-neethulu,2h 2min,,India, 8.4  (2k) ,mv
70, The Judge , (2014) ,"Drama, Mystery & Thriller, Crime, Made in Europe",Apple TV,https://www.justwatch.com/in/movie/the-judge,2h 21min,A,United States, 7.4  (207k) ,mv
71, My Fault , (2023) ,"Romance, Drama",Amazon Prime Video,https://www.justwatch.com/in/movie/culpa-mia,1h 57min,A,Spain, 6.2  (25k) ,mv
72, The Beekeeper , (2024) ,"Action & Adventure, Crime, Mystery & Thriller",Lionsgate Play,https://www.justwatch.com/in/movie/the-beekeeper-2024,1h 45min,,"United Kingdom, United States", 6.4  (103k) ,mv
73, Hridayam , (2022) ,"Romance, Drama",Hotstar,https://www.justwatch.com/in/movie/hridayam,2h 52min,U,India, 8.1  (15k) ,mv
74, The Wolf of Wall Street , (2013) ,"Drama, Comedy, Crime",Lionsgate Play,https://www.justwatch.com/in/movie/the-wolf-of-wall-street,3h 0min,A,United States, 8.2  (1m) ,mv
75, K.G.F: Chapter 1 , (2018) ,"Action & Adventure, Crime, Mystery & Thriller, Drama",Hotstar,https://www.justwatch.com/in/movie/k-g-f-chapter-1,2h 36min,UA,India, 8.2  (99k) ,mv
76, Sam Bahadur , (2023) ,"Drama, War & Military",Zee5,https://www.justwatch.com/in/movie/sam-bahadur,2h 30min,UA,India, 7.7  (16k) ,mv
77, Anatomy of a Fall , (2023) ,"Mystery & Thriller, Crime, Drama",Amazon Prime Video,https://www.justwatch.com/in/movie/anatomie-dune-chute,2h 32min,,France, 7.7  (134k) ,mv
78, Dhoomam , (2023) ,"Mystery & Thriller, Drama, Action & Adventure",Apple TV,https://www.justwatch.com/in/movie/dhoomam,2h 23min,UA,India, 5.6  ,mv
79, Skanda: The Attacker , (2023) ,"Action & Adventure, Drama, Romance",Hotstar,https://www.justwatch.com/in/movie/boyapatirapo,2h 47min,UA,India, 4.2  (2k) ,mv
80, Panchayat , (2020) ,"Comedy, Drama",Amazon Prime Video,https://www.justwatch.com/in/tv-show/panchayat,35min,,India, 9.0  (93k) ,tv
81, Heeramandi: The Diamond Bazaar , (2024) ,"Drama, History, Romance, War & Military",Netflix,https://www.justwatch.com/in/tv-show/heeramandi,54min,,India, 6.4  (26k) ,tv
82, Gullak , (2019) ,"Kids & Family, Comedy, Drama",Sony Liv,https://www.justwatch.com/in/tv-show/gullak,30min,,India, 9.1  (22k) ,tv
83, Mirzapur , (2018) ,"Crime, Action & Adventure, Drama, Mystery & Thriller",Amazon Prime Video,https://www.justwatch.com/in/tv-show/mirzapur,50min,,India, 8.5  (82k) ,tv
84, Bridgerton , (2020) ,"Drama, Romance",Netflix,https://www.justwatch.com/in/tv-show/bridgerton,1h 2min,A,United States, 7.4  (181k) ,tv
85, Shōgun , (2024) ,"War & Military, Drama, History",Hotstar,https://www.justwatch.com/in/tv-show/shogun-2024,59min,,United States, 8.7  (142k) ,tv
86, House of the Dragon , (2022) ,"Drama, Fantasy, Romance, Action & Adventure, Science-Fiction",Jio Cinema,https://www.justwatch.com/in/tv-show/house-of-the-dragon,58min,A,United States, 8.4  (388k) ,tv
87, Game of Thrones , (2011) ,"Action & Adventure, Drama, Fantasy, Science-Fiction",Jio Cinema,https://www.justwatch.com/in/tv-show/game-of-thrones,58min,A,"United States, United Kingdom", 9.2  (2m) ,tv
88, Raising Voices , (2024) ,Drama,Netflix,https://www.justwatch.com/in/tv-show/raising-voices,46min,,Spain, 7.2  (2k) ,tv
89, The Boys , (2019) ,"Science-Fiction, Action & Adventure, Comedy, Crime, Drama",Amazon Prime Video,https://www.justwatch.com/in/tv-show/the-boys,1h 1min,A,United States, 8.7  (668k) ,tv
90, Fallout , (2024) ,"Drama, Science-Fiction, War & Military, Action & Adventure, Mystery & Thriller",Amazon Prime Video,https://www.justwatch.com/in/tv-show/fallout,59min,A,United States, 8.4  (207k) ,tv
91, Demon Slayer: Kimetsu no Yaiba , (2019) ,"Animation, Action & Adventure, Science-Fiction, Fantasy, Mystery & Thriller",Crunchyroll,https://www.justwatch.com/in/tv-show/demon-slayer-kimetsu-no-yaiba,25min,,Japan, 8.6  (151k) ,tv
92, Murder in Mahim , (2024) ,Crime,Jio Cinema,https://www.justwatch.com/in/tv-show/murder-in-mahim,43min,,India, 7.8  (19k) ,tv
93, Apharan , (2018) ,"Drama, Action & Adventure, Crime, Mystery & Thriller",Jio Cinema,https://www.justwatch.com/in/tv-show/apharan,24min,,India, 8.2  (19k) ,tv
94, 3 Body Problem , (2024) ,"Science-Fiction, Drama, Fantasy",Netflix,https://www.justwatch.com/in/tv-show/3-body-problem,56min,A,United States, 7.5  (123k) ,tv
95, Sunflower , (2021) ,"Comedy, Crime",Zee5,https://www.justwatch.com/in/tv-show/sunflower-2021,38min,A,India, 7.4  (24k) ,tv
96, Eric , (2024) ,"Crime, Drama, Mystery & Thriller",Netflix,https://www.justwatch.com/in/tv-show/eric,53min,,"United States, United Kingdom", 7.0  (12k) ,tv
97, Maxton Hall: The World Between Us , (2024) ,"Drama, Romance",Amazon Prime Video,https://www.justwatch.com/in/tv-show/maxton-hall-the-world-between-us,45min,,Germany, 7.6  (9k) ,tv
98, The 8 Show , (2024) ,"Drama, Mystery & Thriller, Comedy",Netflix,https://www.justwatch.com/in/tv-show/the-8-show,52min,,South Korea, 7.2  (7k) ,tv
99, Dark Matter , (2024) ,"Science-Fiction, Mystery & Thriller, Drama",Apple TV Plus,https://www.justwatch.com/in/tv-show/dark-matter-2024,53min,A,United States, 7.7  (11k) ,tv
100, Aashram , (2020) ,"Crime, Drama, Mystery & Thriller",MX Player,https://www.justwatch.com/in/tv-show/aashram,43min,,India, 7.4  (32k) ,tv
101, Farzi , (2023) ,"Crime, Drama, Mystery & Thriller",Amazon Prime Video,https://www.justwatch.com/in/tv-show/farzi,56min,,India, 8.4  (46k) ,tv
102, The Good Doctor , (2017) ,Drama,Amazon Prime Video,https://www.justwatch.com/in/tv-show/the-good-doctor,43min,U,United States, 8.0  (115k) ,tv
103, Attack on Titan , (2013) ,"Horror, Animation, Action & Adventure, Drama, Fantasy, Science-Fiction",Amazon Prime Video,https://www.justwatch.com/in/tv-show/attack-on-titan,25min,UA,Japan, 9.0  (325k) ,tv
104, The Family Man , (2019) ,"Action & Adventure, Comedy, Drama",Amazon Prime Video,https://www.justwatch.com/in/tv-show/the-family-man,45min,,India, 8.7  (99k) ,tv
105, Young Sheldon , (2017) ,"Comedy, Kids & Family",Amazon Prime Video,https://www.justwatch.com/in/tv-show/young-sheldon,19min,U,United States, 7.7  (110k) ,tv
106, Jurassic World: Chaos Theory , (2024) ,"Animation, Action & Adventure, Kids & Family, Science-Fiction",Netflix,https://www.justwatch.com/in/tv-show/jurassic-world-chaos-theory,24min,,United States, 7.6  (1k) ,tv
107, The Great Indian Kapil Show , (2024) ,Comedy,Netflix,https://www.justwatch.com/in/tv-show/untitled-kapil-sharma-netflix-project,54min,,India, 6.7  (25k) ,tv
108, Jujutsu Kaisen , (2020) ,"Animation, Action & Adventure, Fantasy, Mystery & Thriller, Science-Fiction",Crunchyroll,https://www.justwatch.com/in/tv-show/jujutsu-kaisen,24min,,"Japan, United States", 8.6  (120k) ,tv
109, Reacher , (2022) ,"Action & Adventure, Crime, Drama, Mystery & Thriller",Amazon Prime Video,https://www.justwatch.com/in/tv-show/jack-reacher,48min,A,United States, 8.1  (216k) ,tv
110, Peaky Blinders , (2013) ,"Drama, Crime",Netflix,https://www.justwatch.com/in/tv-show/peaky-blinders,58min,A,United Kingdom, 8.8  (657k) ,tv
111, From , (2022) ,"Science-Fiction, Mystery & Thriller, Drama, Horror",,https://www.justwatch.com/in/tv-show/from,50min,,United States,,tv
112, Asur: Welcome to Your Dark Side , (2020) ,"Crime, Drama, Mystery & Thriller",Jio Cinema,https://www.justwatch.com/in/tv-show/asur,47min,,India, 8.5  (65k) ,tv
113, True Detective , (2014) ,"Drama, Crime, Mystery & Thriller",Jio Cinema,https://www.justwatch.com/in/tv-show/true-detective,1h 1min,U,United States, 8.9  (661k) ,tv
114, The Legend of Hanuman , (2021) ,"Animation, Action & Adventure, Kids & Family, Fantasy",Hotstar,https://www.justwatch.com/in/tv-show/the-legend-of-hanuman,21min,,India, 9.1  (12k) ,tv
115, MTV Splitsvilla , (2008) ,"Reality TV, Romance",Jio Cinema,https://www.justwatch.com/in/tv-show/mtv-splitsvilla,44min,U,India, 3.8  ,tv
116, Undekhi , (2020) ,"Crime, Drama",Sony Liv,https://www.justwatch.com/in/tv-show/undekhi,35min,A,India,,tv
117, Mastram , (2020) ,"Drama, Comedy, Fantasy",,https://www.justwatch.com/in/tv-show/mastram,28min,,India, 6.9  (2k) ,tv
118, The Acolyte , (2024) ,"Mystery & Thriller, Science-Fiction, Action & Adventure, Drama, Fantasy",Hotstar,https://www.justwatch.com/in/tv-show/the-acolyte,41min,,United States, 3.5  (50k) ,tv
119, Breaking Bad , (2008) ,"Drama, Crime, Mystery & Thriller",Netflix,https://www.justwatch.com/in/tv-show/breaking-bad,47min,U,United States, 9.5  (2m) ,tv
120, Euphoria , (2019) ,Drama,Jio Cinema,https://www.justwatch.com/in/tv-show/euphoria,58min,A,United States, 8.3  (246k) ,tv
121, The Last of Us , (2023) ,"Drama, Science-Fiction, Mystery & Thriller, Action & Adventure, Horror",Jio Cinema,https://www.justwatch.com/in/tv-show/the-last-of-us,58min,A,United States, 8.7  (539k) ,tv
122, Dehati Ladke , (2023) ,Drama,Amazon miniTV,https://www.justwatch.com/in/tv-show/dehati-ladke,24min,,India, 7.2  ,tv
123, Money Heist , (2017) ,"Mystery & Thriller, Action & Adventure, Crime, Drama, Made in Europe",Netflix,https://www.justwatch.com/in/tv-show/paperhouse,50min,,Spain, 8.2  (536k) ,tv
124, Gandii Baat , (2018) ,"Crime, Drama, Mystery & Thriller",Alt Balaji,https://www.justwatch.com/in/tv-show/gandii-baat,44min,A,India, 3.4  (3k) ,tv
125, Jamnapaar , (2024) ,Drama,Amazon miniTV,https://www.justwatch.com/in/tv-show/jamnapaar,32min,,India, 8.3  (2k) ,tv
126, Stranger Things , (2016) ,"Drama, Science-Fiction, Mystery & Thriller, Fantasy, Horror",Netflix,https://www.justwatch.com/in/tv-show/stranger-things,1h 1min,,United States, 8.7  (1m) ,tv
127, Naruto , (2002) ,"Science-Fiction, Animation, Action & Adventure, Comedy, Fantasy",Amazon Prime Video,https://www.justwatch.com/in/tv-show/naruto,23min,,Japan, 8.4  (129k) ,tv
128, Lucifer , (2016) ,"Crime, Science-Fiction, Drama, Fantasy",Netflix,https://www.justwatch.com/in/tv-show/lucifer,47min,U,United States, 8.1  (358k) ,tv
129, Scorpion , (2014) ,"Action & Adventure, Drama, Crime, Mystery & Thriller",,https://www.justwatch.com/in/tv-show/scorpion,42min,U,United States, 7.0  (59k) ,tv
130, The Rookie , (2018) ,"Crime, Drama, Comedy, Action & Adventure",,https://www.justwatch.com/in/tv-show/the-rookie,43min,,United States, 8.0  (75k) ,tv
131, College Romance , (2018) ,"Comedy, Drama, Romance",Sony Liv,https://www.justwatch.com/in/tv-show/college-romance,31min,A,India, 8.3  (28k) ,tv
132, Dark , (2017) ,"Crime, Drama, Science-Fiction, Mystery & Thriller",Netflix,https://www.justwatch.com/in/tv-show/dark,56min,,Germany, 8.7  (449k) ,tv
133, Dark Desire , (2020) ,"Mystery & Thriller, Drama",Netflix,https://www.justwatch.com/in/tv-show/dark-desire,34min,,Mexico, 6.5  (9k) ,tv
134, Paurashpur , (2020) ,Drama,Alt Balaji,https://www.justwatch.com/in/tv-show/paurashpur,25min,A,India, 3.7  (18k) ,tv
135, Naruto Shippūden , (2007) ,"Action & Adventure, Science-Fiction, Animation, Comedy, Drama, Fantasy",Crunchyroll,https://www.justwatch.com/in/tv-show/naruto-shippuden,24min,U,Japan, 8.7  (172k) ,tv
136, Mayfair Witches , (2023) ,"Drama, Science-Fiction, Fantasy, Horror",Amazon Prime Video,https://www.justwatch.com/in/tv-show/anne-rices-mayfair-witches,43min,,United States, 6.2  (12k) ,tv
137, Presumed Innocent , (2024) ,"Crime, Mystery & Thriller, Drama",Apple TV Plus,https://www.justwatch.com/in/tv-show/presumed-innocent,42min,A,United States, 7.6  (1k) ,tv
138, Luther , (2010) ,"Crime, Drama, Mystery & Thriller, Made in Europe",Amazon Prime Video,https://www.justwatch.com/in/tv-show/luther,58min,,United Kingdom, 8.4  (155k) ,tv
139, Scam 1992 , (2020) ,"Crime, Drama, Mystery & Thriller",Sony Liv,https://www.justwatch.com/in/tv-show/scam-1992,52min,,India, 9.3  (150k) ,tv
140, Paatal Lok , (2020) ,"Drama, Crime, Mystery & Thriller",Amazon Prime Video,https://www.justwatch.com/in/tv-show/paatal-lok,43min,A,India, 8.1  (65k) ,tv
141, Dead Boy Detectives , (2024) ,"Fantasy, Horror, Action & Adventure, Comedy, Crime, Drama, Mystery & Thriller, Science-Fiction",Netflix,https://www.justwatch.com/in/tv-show/dead-boy-detectives,54min,A,United States, 7.5  (14k) ,tv
142, Lost , (2004) ,"Action & Adventure, Science-Fiction, Mystery & Thriller, Drama, Fantasy",,https://www.justwatch.com/in/tv-show/lost,43min,U,United States, 8.3  (599k) ,tv
143, Modern Family , (2009) ,"Romance, Comedy, Drama",Hotstar,https://www.justwatch.com/in/tv-show/modern-family,21min,,United States, 8.5  (488k) ,tv
144," Illegal - Justice, Out of Order ", (2020) ,"Drama, Crime, Mystery & Thriller",Jio Cinema,https://www.justwatch.com/in/tv-show/illegal-justice-out-of-order,31min,,India, 6.9  (24k) ,tv
145, Queen of Tears , (2024) ,"Drama, Comedy",Netflix,https://www.justwatch.com/in/tv-show/queen-of-tears,1h 28min,,South Korea,,tv
146, Kaiju No. 8 , (2024) ,"Fantasy, Horror, Science-Fiction, Animation, Action & Adventure",Crunchyroll,https://www.justwatch.com/in/tv-show/kaiju-no-8,24min,,Japan, 8.4  (3k) ,tv
147, Doctor Who , (2005) ,"Action & Adventure, Drama, Science-Fiction",Amazon Prime Video,https://www.justwatch.com/in/tv-show/doctor-who,50min,,United Kingdom, 8.6  (248k) ,tv
148, Kota Factory , (2019) ,"Comedy, Drama",Netflix,https://www.justwatch.com/in/tv-show/kota-factory,39min,,India, 9.0  (81k) ,tv
149, Yellowstone , (2018) ,"Drama, Western",Netflix,https://www.justwatch.com/in/tv-show/yellowstone,50min,,United States, 8.7  (225k) ,tv
150, Interview with the Vampire , (2022) ,"Drama, Fantasy, Horror",Amazon Prime Video,https://www.justwatch.com/in/tv-show/interview-with-the-vampire,49min,,United States, 7.2  (23k) ,tv
151, Resident Alien , (2021) ,"Science-Fiction, Comedy, Drama",Jio Cinema,https://www.justwatch.com/in/tv-show/resident-alien,44min,,United States, 8.1  (63k) ,tv
152, Toughest Forces on Earth , (2024) ,Documentary,Netflix,https://www.justwatch.com/in/tv-show/toughest-forces-on-earth,41min,,United Kingdom, 6.0  ,tv
153, Dil Dosti Dilemma , (2024) ,"Drama, Comedy",Amazon Prime Video,https://www.justwatch.com/in/tv-show/dil-dosti-dilemma,40min,,India, 6.6  ,tv
154, Solo Leveling , (2024) ,"Fantasy, Animation, Action & Adventure, Science-Fiction",Crunchyroll,https://www.justwatch.com/in/tv-show/solo-leveling-2024,24min,,"Japan, South Korea", 8.3  (24k) ,tv
155, Sweet Tooth , (2021) ,"Science-Fiction, Action & Adventure, Drama, Fantasy",Netflix,https://www.justwatch.com/in/tv-show/sweet-tooth,48min,,United States, 7.7  (69k) ,tv
156, A Gentleman in Moscow , (2024) ,"Drama, History, Mystery & Thriller",Amazon Prime Video,https://www.justwatch.com/in/tv-show/a-gentleman-in-moscow,48min,,United Kingdom, 7.3  (6k) ,tv
157, 9-1-1 , (2018) ,"Drama, Crime, Action & Adventure, Mystery & Thriller",Hotstar,https://www.justwatch.com/in/tv-show/9-1-1,44min,,United States, 7.9  (48k) ,tv
158, Joko Anwar's Nightmares and Daydreams , (2024) ,"Drama, Horror, Science-Fiction, Mystery & Thriller",Netflix,https://www.justwatch.com/in/tv-show/joko-anwars-nightmares-and-daydreams,52min,,Indonesia, 6.8  ,tv
159, Spartacus , (2010) ,"Drama, Romance, Action & Adventure",Lionsgate Play,https://www.justwatch.com/in/tv-show/spartacus,54min,,United States, 8.5  (258k) ,tv
